file,line,type,commit,author,date,time,timezone,datetime,depth,length
style.css,1,css,d3d07b65,nayana1729,2026-04-10,21:29:28,-07:00,2026-04-10T21:29:28-07:00,0,13
style.css,2,css,d3d07b65,nayana1729,2026-04-10,21:29:28,-07:00,2026-04-10T21:29:28-07:00,0,0
style.css,3,css,d3d07b65,nayana1729,2026-04-10,21:29:28,-07:00,2026-04-10T21:29:28-07:00,0,0
style.css,4,css,e71bb001,nayana1729,2026-04-03,12:27:11,-07:00,2026-04-03T12:27:11-07:00,0,4
style.css,5,css,e71bb001,nayana1729,2026-04-03,12:27:11,-07:00,2026-04-03T12:27:11-07:00,1,43
style.css,6,css,e71bb001,nayana1729,2026-04-03,12:27:11,-07:00,2026-04-03T12:27:11-07:00,0,42
style.css,7,css,e71bb001,nayana1729,2026-04-03,12:27:11,-07:00,2026-04-03T12:27:11-07:00,0,0
style.css,8,css,e71bb001,nayana1729,2026-04-03,12:27:11,-07:00,2026-04-03T12:27:11-07:00,1,23
style.css,9,css,d3d07b65,nayana1729,2026-04-10,21:29:28,-07:00,2026-04-10T21:29:28-07:00,1,13
style.css,10,css,d3d07b65,nayana1729,2026-04-10,21:29:28,-07:00,2026-04-10T21:29:28-07:00,1,9
style.css,11,css,d3d07b65,nayana1729,2026-04-10,21:29:28,-07:00,2026-04-10T21:29:28-07:00,1,15
style.css,12,css,d3d07b65,nayana1729,2026-04-10,21:29:28,-07:00,2026-04-10T21:29:28-07:00,1,18
style.css,13,css,d3d07b65,nayana1729,2026-04-10,21:29:28,-07:00,2026-04-10T21:29:28-07:00,1,12
style.css,14,css,2496751b,nayana1729,2026-04-18,19:06:08,-07:00,2026-04-18T19:06:08-07:00,1,23
style.css,15,css,2496751b,nayana1729,2026-04-18,19:06:08,-07:00,2026-04-18T19:06:08-07:00,1,16
style.css,16,css,d3d07b65,nayana1729,2026-04-10,21:29:28,-07:00,2026-04-10T21:29:28-07:00,0,0
style.css,17,css,d3d07b65,nayana1729,2026-04-10,21:29:28,-07:00,2026-04-10T21:29:28-07:00,0,0
style.css,18,css,d3d07b65,nayana1729,2026-04-10,21:29:28,-07:00,2026-04-10T21:29:28-07:00,0,1
style.css,19,css,d3d07b65,nayana1729,2026-04-10,21:29:28,-07:00,2026-04-10T21:29:28-07:00,0,2
style.css,20,css,d3d07b65,nayana1729,2026-04-10,21:29:28,-07:00,2026-04-10T21:29:28-07:00,0,16
style.css,21,css,d3d07b65,nayana1729,2026-04-10,21:29:28,-07:00,2026-04-10T21:29:28-07:00,0,0
style.css,22,css,d3d07b65,nayana1729,2026-04-10,21:29:28,-07:00,2026-04-10T21:29:28-07:00,0,0
style.css,23,css,d3d07b65,nayana1729,2026-04-10,21:29:28,-07:00,2026-04-10T21:29:28-07:00,0,3
style.css,24,css,2496751b,nayana1729,2026-04-18,19:06:08,-07:00,2026-04-18T19:06:08-07:00,0,39
style.css,25,css,d3d07b65,nayana1729,2026-04-10,21:29:28,-07:00,2026-04-10T21:29:28-07:00,0,12
style.css,26,css,d3d07b65,nayana1729,2026-04-10,21:29:28,-07:00,2026-04-10T21:29:28-07:00,0,18
style.css,27,css,d3d07b65,nayana1729,2026-04-10,21:29:28,-07:00,2026-04-10T21:29:28-07:00,0,23
style.css,28,css,d3d07b65,nayana1729,2026-04-10,21:29:28,-07:00,2026-04-10T21:29:28-07:00,0,25
style.css,29,css,d3d07b65,nayana1729,2026-04-10,21:29:28,-07:00,2026-04-10T21:29:28-07:00,0,37
style.css,30,css,d3d07b65,nayana1729,2026-04-10,21:29:28,-07:00,2026-04-10T21:29:28-07:00,0,0
style.css,31,css,d3d07b65,nayana1729,2026-04-10,21:29:28,-07:00,2026-04-10T21:29:28-07:00,0,5
style.css,32,css,d3d07b65,nayana1729,2026-04-10,21:29:28,-07:00,2026-04-10T21:29:28-07:00,0,6
style.css,33,css,d3d07b65,nayana1729,2026-04-10,21:29:28,-07:00,2026-04-10T21:29:28-07:00,0,20
style.css,34,css,d3d07b65,nayana1729,2026-04-10,21:29:28,-07:00,2026-04-10T21:29:28-07:00,0,13
style.css,35,css,d3d07b65,nayana1729,2026-04-10,21:29:28,-07:00,2026-04-10T21:29:28-07:00,0,17
style.css,36,css,d3d07b65,nayana1729,2026-04-10,21:29:28,-07:00,2026-04-10T21:29:28-07:00,0,13
style.css,37,css,d3d07b65,nayana1729,2026-04-10,21:29:28,-07:00,2026-04-10T21:29:28-07:00,0,0
style.css,38,css,d3d07b65,nayana1729,2026-04-10,21:29:28,-07:00,2026-04-10T21:29:28-07:00,0,0
style.css,39,css,d3d07b65,nayana1729,2026-04-10,21:29:28,-07:00,2026-04-10T21:29:28-07:00,0,0
style.css,40,css,d3d07b65,nayana1729,2026-04-10,21:29:28,-07:00,2026-04-10T21:29:28-07:00,0,13
style.css,41,css,2496751b,nayana1729,2026-04-18,19:06:08,-07:00,2026-04-18T19:06:08-07:00,0,45
style.css,42,css,d3d07b65,nayana1729,2026-04-10,21:29:28,-07:00,2026-04-10T21:29:28-07:00,0,34
style.css,43,css,d3d07b65,nayana1729,2026-04-10,21:29:28,-07:00,2026-04-10T21:29:28-07:00,0,0
style.css,44,css,d3d07b65,nayana1729,2026-04-10,21:29:28,-07:00,2026-04-10T21:29:28-07:00,0,0
style.css,45,css,d3d07b65,nayana1729,2026-04-10,21:29:28,-07:00,2026-04-10T21:29:28-07:00,0,5
style.css,46,css,d3d07b65,nayana1729,2026-04-10,21:29:28,-07:00,2026-04-10T21:29:28-07:00,0,31
style.css,47,css,d3d07b65,nayana1729,2026-04-10,21:29:28,-07:00,2026-04-10T21:29:28-07:00,0,0
style.css,48,css,d3d07b65,nayana1729,2026-04-10,21:29:28,-07:00,2026-04-10T21:29:28-07:00,0,0
style.css,49,css,d3d07b65,nayana1729,2026-04-10,21:29:28,-07:00,2026-04-10T21:29:28-07:00,0,4
style.css,50,css,d3d07b65,nayana1729,2026-04-10,21:29:28,-07:00,2026-04-10T21:29:28-07:00,0,32
style.css,51,css,2496751b,nayana1729,2026-04-18,19:06:08,-07:00,2026-04-18T19:06:08-07:00,0,23
style.css,52,css,d3d07b65,nayana1729,2026-04-10,21:29:28,-07:00,2026-04-10T21:29:28-07:00,0,0
style.css,53,css,d3d07b65,nayana1729,2026-04-10,21:29:28,-07:00,2026-04-10T21:29:28-07:00,0,0
style.css,54,css,d3d07b65,nayana1729,2026-04-10,21:29:28,-07:00,2026-04-10T21:29:28-07:00,0,11
style.css,55,css,d3d07b65,nayana1729,2026-04-10,21:29:28,-07:00,2026-04-10T21:29:28-07:00,0,45
style.css,56,css,d3d07b65,nayana1729,2026-04-10,21:29:28,-07:00,2026-04-10T21:29:28-07:00,0,0
style.css,57,css,d3d07b65,nayana1729,2026-04-10,21:29:28,-07:00,2026-04-10T21:29:28-07:00,0,0
style.css,58,css,d3d07b65,nayana1729,2026-04-10,21:29:28,-07:00,2026-04-10T21:29:28-07:00,0,4
style.css,59,css,d3d07b65,nayana1729,2026-04-10,21:29:28,-07:00,2026-04-10T21:29:28-07:00,0,7
style.css,60,css,2496751b,nayana1729,2026-04-18,19:06:08,-07:00,2026-04-18T19:06:08-07:00,0,5
style.css,61,css,2496751b,nayana1729,2026-04-18,19:06:08,-07:00,2026-04-18T19:06:08-07:00,0,6
style.css,62,css,d3d07b65,nayana1729,2026-04-10,21:29:28,-07:00,2026-04-10T21:29:28-07:00,0,12
style.css,63,css,d3d07b65,nayana1729,2026-04-10,21:29:28,-07:00,2026-04-10T21:29:28-07:00,0,0
style.css,64,css,d3d07b65,nayana1729,2026-04-10,21:29:28,-07:00,2026-04-10T21:29:28-07:00,0,0
style.css,65,css,d3d07b65,nayana1729,2026-04-10,21:29:28,-07:00,2026-04-10T21:29:28-07:00,0,4
style.css,66,css,d3d07b65,nayana1729,2026-04-10,21:29:28,-07:00,2026-04-10T21:29:28-07:00,0,12
style.css,67,css,d3d07b65,nayana1729,2026-04-10,21:29:28,-07:00,2026-04-10T21:29:28-07:00,0,30
style.css,68,css,d3d07b65,nayana1729,2026-04-10,21:29:28,-07:00,2026-04-10T21:29:28-07:00,0,7
style.css,69,css,d3d07b65,nayana1729,2026-04-10,21:29:28,-07:00,2026-04-10T21:29:28-07:00,0,0
style.css,70,css,d3d07b65,nayana1729,2026-04-10,21:29:28,-07:00,2026-04-10T21:29:28-07:00,0,0
style.css,71,css,d3d07b65,nayana1729,2026-04-10,21:29:28,-07:00,2026-04-10T21:29:28-07:00,0,5
style.css,72,css,d3d07b65,nayana1729,2026-04-10,21:29:28,-07:00,2026-04-10T21:29:28-07:00,0,12
style.css,73,css,d3d07b65,nayana1729,2026-04-10,21:29:28,-07:00,2026-04-10T21:29:28-07:00,0,29
style.css,74,css,d3d07b65,nayana1729,2026-04-10,21:29:28,-07:00,2026-04-10T21:29:28-07:00,0,18
style.css,75,css,d3d07b65,nayana1729,2026-04-10,21:29:28,-07:00,2026-04-10T21:29:28-07:00,0,0
style.css,76,css,d3d07b65,nayana1729,2026-04-10,21:29:28,-07:00,2026-04-10T21:29:28-07:00,0,0
style.css,77,css,d3d07b65,nayana1729,2026-04-10,21:29:28,-07:00,2026-04-10T21:29:28-07:00,0,6
style.css,78,css,d3d07b65,nayana1729,2026-04-10,21:29:28,-07:00,2026-04-10T21:29:28-07:00,0,18
style.css,79,css,d3d07b65,nayana1729,2026-04-10,21:29:28,-07:00,2026-04-10T21:29:28-07:00,0,0
style.css,80,css,d3d07b65,nayana1729,2026-04-10,21:29:28,-07:00,2026-04-10T21:29:28-07:00,0,0
style.css,81,css,d3d07b65,nayana1729,2026-04-10,21:29:28,-07:00,2026-04-10T21:29:28-07:00,0,9
style.css,82,css,d3d07b65,nayana1729,2026-04-10,21:29:28,-07:00,2026-04-10T21:29:28-07:00,0,12
style.css,83,css,d3d07b65,nayana1729,2026-04-10,21:29:28,-07:00,2026-04-10T21:29:28-07:00,0,58
style.css,84,css,d3d07b65,nayana1729,2026-04-10,21:29:28,-07:00,2026-04-10T21:29:28-07:00,0,7
style.css,85,css,d3d07b65,nayana1729,2026-04-10,21:29:28,-07:00,2026-04-10T21:29:28-07:00,0,0
style.css,86,css,d3d07b65,nayana1729,2026-04-10,21:29:28,-07:00,2026-04-10T21:29:28-07:00,0,0
style.css,87,css,d3d07b65,nayana1729,2026-04-10,21:29:28,-07:00,2026-04-10T21:29:28-07:00,0,17
style.css,88,css,d3d07b65,nayana1729,2026-04-10,21:29:28,-07:00,2026-04-10T21:29:28-07:00,0,12
style.css,89,css,d3d07b65,nayana1729,2026-04-10,21:29:28,-07:00,2026-04-10T21:29:28-07:00,0,26
style.css,90,css,d3d07b65,nayana1729,2026-04-10,21:29:28,-07:00,2026-04-10T21:29:28-07:00,0,15
style.css,91,css,d3d07b65,nayana1729,2026-04-10,21:29:28,-07:00,2026-04-10T21:29:28-07:00,0,0
style.css,92,css,d3d07b65,nayana1729,2026-04-10,21:29:28,-07:00,2026-04-10T21:29:28-07:00,0,0
style.css,93,css,d3d07b65,nayana1729,2026-04-10,21:29:28,-07:00,2026-04-10T21:29:28-07:00,0,12
style.css,94,css,d3d07b65,nayana1729,2026-04-10,21:29:28,-07:00,2026-04-10T21:29:28-07:00,0,8
style.css,95,css,d3d07b65,nayana1729,2026-04-10,21:29:28,-07:00,2026-04-10T21:29:28-07:00,0,0
style.css,96,css,d3d07b65,nayana1729,2026-04-10,21:29:28,-07:00,2026-04-10T21:29:28-07:00,0,0
style.css,97,css,d3d07b65,nayana1729,2026-04-10,21:29:28,-07:00,2026-04-10T21:29:28-07:00,0,2
style.css,98,css,d3d07b65,nayana1729,2026-04-10,21:29:28,-07:00,2026-04-10T21:29:28-07:00,0,14
style.css,99,css,d3d07b65,nayana1729,2026-04-10,21:29:28,-07:00,2026-04-10T21:29:28-07:00,0,0
style.css,100,css,d3d07b65,nayana1729,2026-04-10,21:29:28,-07:00,2026-04-10T21:29:28-07:00,0,0
style.css,101,css,d3d07b65,nayana1729,2026-04-10,21:29:28,-07:00,2026-04-10T21:29:28-07:00,0,2
style.css,102,css,d3d07b65,nayana1729,2026-04-10,21:29:28,-07:00,2026-04-10T21:29:28-07:00,0,25
style.css,103,css,d3d07b65,nayana1729,2026-04-10,21:29:28,-07:00,2026-04-10T21:29:28-07:00,0,0
style.css,104,css,d3d07b65,nayana1729,2026-04-10,21:29:28,-07:00,2026-04-10T21:29:28-07:00,0,22
style.css,105,css,d3d07b65,nayana1729,2026-04-10,21:29:28,-07:00,2026-04-10T21:29:28-07:00,0,15
style.css,106,css,d3d07b65,nayana1729,2026-04-10,21:29:28,-07:00,2026-04-10T21:29:28-07:00,0,17
style.css,107,css,d3d07b65,nayana1729,2026-04-10,21:29:28,-07:00,2026-04-10T21:29:28-07:00,0,0
style.css,108,css,d3d07b65,nayana1729,2026-04-10,21:29:28,-07:00,2026-04-10T21:29:28-07:00,0,0
style.css,109,css,d3d07b65,nayana1729,2026-04-10,21:29:28,-07:00,2026-04-10T21:29:28-07:00,0,16
style.css,110,css,d3d07b65,nayana1729,2026-04-10,21:29:28,-07:00,2026-04-10T21:29:28-07:00,0,19
style.css,111,css,d3d07b65,nayana1729,2026-04-10,21:29:28,-07:00,2026-04-10T21:29:28-07:00,0,18
style.css,112,css,d3d07b65,nayana1729,2026-04-10,21:29:28,-07:00,2026-04-10T21:29:28-07:00,0,0
style.css,113,css,d3d07b65,nayana1729,2026-04-10,21:29:28,-07:00,2026-04-10T21:29:28-07:00,0,0
style.css,114,css,d3d07b65,nayana1729,2026-04-10,21:29:28,-07:00,2026-04-10T21:29:28-07:00,0,1
style.css,115,css,d3d07b65,nayana1729,2026-04-10,21:29:28,-07:00,2026-04-10T21:29:28-07:00,0,25
style.css,116,css,2496751b,nayana1729,2026-04-18,19:06:08,-07:00,2026-04-18T19:06:08-07:00,0,0
style.css,117,css,2496751b,nayana1729,2026-04-18,19:06:08,-07:00,2026-04-18T19:06:08-07:00,0,0
style.css,118,css,2496751b,nayana1729,2026-04-18,19:06:08,-07:00,2026-04-18T19:06:08-07:00,0,18
style.css,119,css,2496751b,nayana1729,2026-04-18,19:06:08,-07:00,2026-04-18T19:06:08-07:00,1,17
style.css,120,css,2496751b,nayana1729,2026-04-18,19:06:08,-07:00,2026-04-18T19:06:08-07:00,1,8
style.css,121,css,2496751b,nayana1729,2026-04-18,19:06:08,-07:00,2026-04-18T19:06:08-07:00,1,10
style.css,122,css,2496751b,nayana1729,2026-04-18,19:06:08,-07:00,2026-04-18T19:06:08-07:00,1,13
style.css,123,css,49694c04,nayana1729,2026-05-02,23:24:57,-07:00,2026-05-02T23:24:57-07:00,0,0
style.css,124,css,49694c04,nayana1729,2026-05-02,23:24:57,-07:00,2026-05-02T23:24:57-07:00,0,0
style.css,125,css,49694c04,nayana1729,2026-05-02,23:24:57,-07:00,2026-05-02T23:24:57-07:00,0,18
style.css,126,css,49694c04,nayana1729,2026-05-02,23:24:57,-07:00,2026-05-02T23:24:57-07:00,1,10
style.css,127,css,49694c04,nayana1729,2026-05-02,23:24:57,-07:00,2026-05-02T23:24:57-07:00,1,14
style.css,128,css,49694c04,nayana1729,2026-05-02,23:24:57,-07:00,2026-05-02T23:24:57-07:00,1,16
style.css,129,css,49694c04,nayana1729,2026-05-02,23:24:57,-07:00,2026-05-02T23:24:57-07:00,1,16
style.css,130,css,49694c04,nayana1729,2026-05-02,23:24:57,-07:00,2026-05-02T23:24:57-07:00,0,0
style.css,131,css,49694c04,nayana1729,2026-05-02,23:24:57,-07:00,2026-05-02T23:24:57-07:00,1,4
style.css,132,css,49694c04,nayana1729,2026-05-02,23:24:57,-07:00,2026-05-02T23:24:57-07:00,2,16
style.css,133,css,49694c04,nayana1729,2026-05-02,23:24:57,-07:00,2026-05-02T23:24:57-07:00,2,14
style.css,134,css,49694c04,nayana1729,2026-05-02,23:24:57,-07:00,2026-05-02T23:24:57-07:00,1,0
style.css,135,css,49694c04,nayana1729,2026-05-02,23:24:57,-07:00,2026-05-02T23:24:57-07:00,0,0
style.css,136,css,49694c04,nayana1729,2026-05-02,23:24:57,-07:00,2026-05-02T23:24:57-07:00,1,17
style.css,137,css,49694c04,nayana1729,2026-05-02,23:24:57,-07:00,2026-05-02T23:24:57-07:00,2,16
style.css,138,css,49694c04,nayana1729,2026-05-02,23:24:57,-07:00,2026-05-02T23:24:57-07:00,3,11
style.css,139,css,49694c04,nayana1729,2026-05-02,23:24:57,-07:00,2026-05-02T23:24:57-07:00,2,0
style.css,140,css,49694c04,nayana1729,2026-05-02,23:24:57,-07:00,2026-05-02T23:24:57-07:00,1,0
style.css,141,css,49694c04,nayana1729,2026-05-02,23:24:57,-07:00,2026-05-02T23:24:57-07:00,0,0
style.css,142,css,49694c04,nayana1729,2026-05-02,23:24:57,-07:00,2026-05-02T23:24:57-07:00,0,0
style.css,143,css,49694c04,nayana1729,2026-05-02,23:24:57,-07:00,2026-05-02T23:24:57-07:00,0,7
style.css,144,css,49694c04,nayana1729,2026-05-02,23:24:57,-07:00,2026-05-02T23:24:57-07:00,1,12
style.css,145,css,49694c04,nayana1729,2026-05-02,23:24:57,-07:00,2026-05-02T23:24:57-07:00,1,57
style.css,146,css,49694c04,nayana1729,2026-05-02,23:24:57,-07:00,2026-05-02T23:24:57-07:00,1,7
style.css,147,css,49694c04,nayana1729,2026-05-02,23:24:57,-07:00,2026-05-02T23:24:57-07:00,1,34
style.css,148,css,49694c04,nayana1729,2026-05-02,23:24:57,-07:00,2026-05-02T23:24:57-07:00,1,11
style.css,149,css,49694c04,nayana1729,2026-05-02,23:24:57,-07:00,2026-05-02T23:24:57-07:00,1,16
style.css,150,css,49694c04,nayana1729,2026-05-02,23:24:57,-07:00,2026-05-02T23:24:57-07:00,0,0
style.css,151,css,49694c04,nayana1729,2026-05-02,23:24:57,-07:00,2026-05-02T23:24:57-07:00,0,0
style.css,152,css,49694c04,nayana1729,2026-05-02,23:24:57,-07:00,2026-05-02T23:24:57-07:00,0,12
style.css,153,css,49694c04,nayana1729,2026-05-02,23:24:57,-07:00,2026-05-02T23:24:57-07:00,1,12
style.css,154,css,49694c04,nayana1729,2026-05-02,23:24:57,-07:00,2026-05-02T23:24:57-07:00,1,18
style.css,155,css,49694c04,nayana1729,2026-05-02,23:24:57,-07:00,2026-05-02T23:24:57-07:00,1,9
style.css,156,css,49694c04,nayana1729,2026-05-02,23:24:57,-07:00,2026-05-02T23:24:57-07:00,0,0
style.css,157,css,49694c04,nayana1729,2026-05-02,23:24:57,-07:00,2026-05-02T23:24:57-07:00,0,0
style.css,158,css,49694c04,nayana1729,2026-05-02,23:24:57,-07:00,2026-05-02T23:24:57-07:00,0,7
style.css,159,css,49694c04,nayana1729,2026-05-02,23:24:57,-07:00,2026-05-02T23:24:57-07:00,1,20
style.css,160,css,49694c04,nayana1729,2026-05-02,23:24:57,-07:00,2026-05-02T23:24:57-07:00,1,9
style.css,161,css,49694c04,nayana1729,2026-05-02,23:24:57,-07:00,2026-05-02T23:24:57-07:00,1,18
style.css,162,css,49694c04,nayana1729,2026-05-02,23:24:57,-07:00,2026-05-02T23:24:57-07:00,1,29
style.css,163,css,49694c04,nayana1729,2026-05-02,23:24:57,-07:00,2026-05-02T23:24:57-07:00,1,17
style.css,164,css,49694c04,nayana1729,2026-05-02,23:24:57,-07:00,2026-05-02T23:24:57-07:00,0,0
style.css,165,css,49694c04,nayana1729,2026-05-02,23:24:57,-07:00,2026-05-02T23:24:57-07:00,0,0
style.css,166,css,49694c04,nayana1729,2026-05-02,23:24:57,-07:00,2026-05-02T23:24:57-07:00,0,10
style.css,167,css,49694c04,nayana1729,2026-05-02,23:24:57,-07:00,2026-05-02T23:24:57-07:00,1,12
style.css,168,css,49694c04,nayana1729,2026-05-02,23:24:57,-07:00,2026-05-02T23:24:57-07:00,1,18
style.css,169,css,49694c04,nayana1729,2026-05-02,23:24:57,-07:00,2026-05-02T23:24:57-07:00,1,7
style.css,170,css,49694c04,nayana1729,2026-05-02,23:24:57,-07:00,2026-05-02T23:24:57-07:00,0,0
style.css,171,css,49694c04,nayana1729,2026-05-02,23:24:57,-07:00,2026-05-02T23:24:57-07:00,0,0
style.css,172,css,49694c04,nayana1729,2026-05-02,23:24:57,-07:00,2026-05-02T23:24:57-07:00,0,7
style.css,173,css,49694c04,nayana1729,2026-05-02,23:24:57,-07:00,2026-05-02T23:24:57-07:00,1,6
style.css,174,css,49694c04,nayana1729,2026-05-02,23:24:57,-07:00,2026-05-02T23:24:57-07:00,0,0
style.css,175,css,49694c04,nayana1729,2026-05-02,23:24:57,-07:00,2026-05-02T23:24:57-07:00,0,0
style.css,176,css,49694c04,nayana1729,2026-05-02,23:24:57,-07:00,2026-05-02T23:24:57-07:00,0,9
style.css,177,css,49694c04,nayana1729,2026-05-02,23:24:57,-07:00,2026-05-02T23:24:57-07:00,1,35
style.css,178,css,49694c04,nayana1729,2026-05-02,23:24:57,-07:00,2026-05-02T23:24:57-07:00,0,0
style.css,179,css,49694c04,nayana1729,2026-05-02,23:24:57,-07:00,2026-05-02T23:24:57-07:00,1,10
style.css,180,css,49694c04,nayana1729,2026-05-02,23:24:57,-07:00,2026-05-02T23:24:57-07:00,2,17
style.css,181,css,49694c04,nayana1729,2026-05-02,23:24:57,-07:00,2026-05-02T23:24:57-07:00,1,0
style.css,182,css,00000000,Not Committed Yet,2026-05-08,20:50:15,-07:00,2026-05-08T20:50:15-07:00,0,0
style.css,183,css,00000000,Not Committed Yet,2026-05-08,20:50:15,-07:00,2026-05-08T20:50:15-07:00,0,0
style.css,184,css,00000000,Not Committed Yet,2026-05-08,20:50:15,-07:00,2026-05-08T20:50:15-07:00,0,6
style.css,185,css,00000000,Not Committed Yet,2026-05-08,20:50:15,-07:00,2026-05-08T20:50:15-07:00,1,12
style.css,186,css,00000000,Not Committed Yet,2026-05-08,20:50:15,-07:00,2026-05-08T20:50:15-07:00,1,31
style.css,187,css,00000000,Not Committed Yet,2026-05-08,20:50:15,-07:00,2026-05-08T20:50:15-07:00,1,13
style.css,188,css,00000000,Not Committed Yet,2026-05-08,20:50:15,-07:00,2026-05-08T20:50:15-07:00,0,0
style.css,189,css,00000000,Not Committed Yet,2026-05-08,20:50:15,-07:00,2026-05-08T20:50:15-07:00,0,35
style.css,190,css,00000000,Not Committed Yet,2026-05-08,20:50:15,-07:00,2026-05-08T20:50:15-07:00,0,41
style.css,191,css,00000000,Not Committed Yet,2026-05-08,20:50:15,-07:00,2026-05-08T20:50:15-07:00,0,0
style.css,192,css,00000000,Not Committed Yet,2026-05-08,20:50:15,-07:00,2026-05-08T20:50:15-07:00,0,13
style.css,193,css,00000000,Not Committed Yet,2026-05-08,20:50:15,-07:00,2026-05-08T20:50:15-07:00,1,14
style.css,194,css,00000000,Not Committed Yet,2026-05-08,20:50:15,-07:00,2026-05-08T20:50:15-07:00,1,7
style.css,195,css,00000000,Not Committed Yet,2026-05-08,20:50:15,-07:00,2026-05-08T20:50:15-07:00,1,8
style.css,196,css,00000000,Not Committed Yet,2026-05-08,20:50:15,-07:00,2026-05-08T20:50:15-07:00,1,36
style.css,197,css,00000000,Not Committed Yet,2026-05-08,20:50:15,-07:00,2026-05-08T20:50:15-07:00,1,39
style.css,198,css,00000000,Not Committed Yet,2026-05-08,20:50:15,-07:00,2026-05-08T20:50:15-07:00,1,17
style.css,199,css,00000000,Not Committed Yet,2026-05-08,20:50:15,-07:00,2026-05-08T20:50:15-07:00,1,18
style.css,200,css,00000000,Not Committed Yet,2026-05-08,20:50:15,-07:00,2026-05-08T20:50:15-07:00,1,25
style.css,201,css,00000000,Not Committed Yet,2026-05-08,20:50:15,-07:00,2026-05-08T20:50:15-07:00,0,0
style.css,202,css,00000000,Not Committed Yet,2026-05-08,20:50:15,-07:00,2026-05-08T20:50:15-07:00,0,0
style.css,203,css,00000000,Not Committed Yet,2026-05-08,20:50:15,-07:00,2026-05-08T20:50:15-07:00,0,7
style.css,204,css,00000000,Not Committed Yet,2026-05-08,20:50:15,-07:00,2026-05-08T20:50:15-07:00,1,25
style.css,205,css,00000000,Not Committed Yet,2026-05-08,20:50:15,-07:00,2026-05-08T20:50:15-07:00,1,39
style.css,206,css,00000000,Not Committed Yet,2026-05-08,20:50:15,-07:00,2026-05-08T20:50:15-07:00,0,0
style.css,207,css,00000000,Not Committed Yet,2026-05-08,20:50:15,-07:00,2026-05-08T20:50:15-07:00,0,0
style.css,208,css,00000000,Not Committed Yet,2026-05-08,20:50:15,-07:00,2026-05-08T20:50:15-07:00,0,42
style.css,209,css,00000000,Not Committed Yet,2026-05-08,20:50:15,-07:00,2026-05-08T20:50:15-07:00,1,9
style.css,210,css,00000000,Not Committed Yet,2026-05-08,20:50:15,-07:00,2026-05-08T20:50:15-07:00,1,17
style.css,211,css,00000000,Not Committed Yet,2026-05-08,20:50:15,-07:00,2026-05-08T20:50:15-07:00,0,0
style.css,212,css,00000000,Not Committed Yet,2026-05-08,20:50:15,-07:00,2026-05-08T20:50:15-07:00,0,0
style.css,213,css,00000000,Not Committed Yet,2026-05-08,20:50:15,-07:00,2026-05-08T20:50:15-07:00,0,6
style.css,214,css,00000000,Not Committed Yet,2026-05-08,20:50:15,-07:00,2026-05-08T20:50:15-07:00,1,16
style.css,215,css,00000000,Not Committed Yet,2026-05-08,20:50:15,-07:00,2026-05-08T20:50:15-07:00,1,23
style.css,216,css,00000000,Not Committed Yet,2026-05-08,20:50:15,-07:00,2026-05-08T20:50:15-07:00,1,22
style.css,217,css,00000000,Not Committed Yet,2026-05-08,20:50:15,-07:00,2026-05-08T20:50:15-07:00,0,0
style.css,218,css,00000000,Not Committed Yet,2026-05-08,20:50:15,-07:00,2026-05-08T20:50:15-07:00,0,0
style.css,219,css,00000000,Not Committed Yet,2026-05-08,20:50:15,-07:00,2026-05-08T20:50:15-07:00,0,12
style.css,220,css,00000000,Not Committed Yet,2026-05-08,20:50:15,-07:00,2026-05-08T20:50:15-07:00,1,20
style.css,221,css,00000000,Not Committed Yet,2026-05-08,20:50:15,-07:00,2026-05-08T20:50:15-07:00,0,0
style.css,222,css,00000000,Not Committed Yet,2026-05-08,20:50:15,-07:00,2026-05-08T20:50:15-07:00,0,0
style.css,223,css,00000000,Not Committed Yet,2026-05-08,20:50:15,-07:00,2026-05-08T20:50:15-07:00,0,15
style.css,224,css,00000000,Not Committed Yet,2026-05-08,20:50:15,-07:00,2026-05-08T20:50:15-07:00,1,12
style.css,225,css,00000000,Not Committed Yet,2026-05-08,20:50:15,-07:00,2026-05-08T20:50:15-07:00,0,0
style.css,226,css,00000000,Not Committed Yet,2026-05-08,20:50:15,-07:00,2026-05-08T20:50:15-07:00,0,0
style.css,227,css,00000000,Not Committed Yet,2026-05-08,20:50:15,-07:00,2026-05-08T20:50:15-07:00,0,31
style.css,228,css,00000000,Not Committed Yet,2026-05-08,20:50:15,-07:00,2026-05-08T20:50:15-07:00,0,32
style.css,229,css,00000000,Not Committed Yet,2026-05-08,20:50:15,-07:00,2026-05-08T20:50:15-07:00,0,0
style.css,230,css,00000000,Not Committed Yet,2026-05-08,20:50:15,-07:00,2026-05-08T20:50:15-07:00,0,24
style.css,231,css,00000000,Not Committed Yet,2026-05-08,20:50:15,-07:00,2026-05-08T20:50:15-07:00,1,27
style.css,232,css,00000000,Not Committed Yet,2026-05-08,20:50:15,-07:00,2026-05-08T20:50:15-07:00,0,0
style.css,233,css,00000000,Not Committed Yet,2026-05-08,20:50:15,-07:00,2026-05-08T20:50:15-07:00,0,0
style.css,234,css,00000000,Not Committed Yet,2026-05-08,20:50:15,-07:00,2026-05-08T20:50:15-07:00,0,10
style.css,235,css,00000000,Not Committed Yet,2026-05-08,20:50:15,-07:00,2026-05-08T20:50:15-07:00,1,16
style.css,236,css,00000000,Not Committed Yet,2026-05-08,20:50:15,-07:00,2026-05-08T20:50:15-07:00,1,12
style.css,237,css,00000000,Not Committed Yet,2026-05-08,20:50:15,-07:00,2026-05-08T20:50:15-07:00,1,18
style.css,238,css,00000000,Not Committed Yet,2026-05-08,20:50:15,-07:00,2026-05-08T20:50:15-07:00,1,20
style.css,239,css,00000000,Not Committed Yet,2026-05-08,20:50:15,-07:00,2026-05-08T20:50:15-07:00,1,42
style.css,240,css,e71bb001,nayana1729,2026-04-03,12:27:11,-07:00,2026-04-03T12:27:11-07:00,0,0
resume.html,1,html,e71bb001,nayana1729,2026-04-03,12:27:11,-07:00,2026-04-03T12:27:11-07:00,0,4
resume.html,2,html,e71bb001,nayana1729,2026-04-03,12:27:11,-07:00,2026-04-03T12:27:11-07:00,0,27
resume.html,3,html,d3d07b65,nayana1729,2026-04-10,21:29:28,-07:00,2026-04-10T21:29:28-07:00,0,38
resume.html,4,html,2496751b,nayana1729,2026-04-18,19:06:08,-07:00,2026-04-18T19:06:08-07:00,0,45
resume.html,5,html,e71bb001,nayana1729,2026-04-03,12:27:11,-07:00,2026-04-03T12:27:11-07:00,0,5
resume.html,6,html,e71bb001,nayana1729,2026-04-03,12:27:11,-07:00,2026-04-03T12:27:11-07:00,0,4
resume.html,7,html,2496751b,nayana1729,2026-04-18,19:06:08,-07:00,2026-04-18T19:06:08-07:00,0,9
resume.html,8,html,e71bb001,nayana1729,2026-04-03,12:27:11,-07:00,2026-04-03T12:27:11-07:00,0,21
resume.html,9,html,e71bb001,nayana1729,2026-04-03,12:27:11,-07:00,2026-04-03T12:27:11-07:00,0,67
resume.html,10,html,e71bb001,nayana1729,2026-04-03,12:27:11,-07:00,2026-04-03T12:27:11-07:00,0,7
resume.html,11,html,e71bb001,nayana1729,2026-04-03,12:27:11,-07:00,2026-04-03T12:27:11-07:00,0,7
resume.html,12,html,e71bb001,nayana1729,2026-04-03,12:27:11,-07:00,2026-04-03T12:27:11-07:00,0,16
resume.html,13,html,e71bb001,nayana1729,2026-04-03,12:27:11,-07:00,2026-04-03T12:27:11-07:00,0,104
resume.html,14,html,e71bb001,nayana1729,2026-04-03,12:27:11,-07:00,2026-04-03T12:27:11-07:00,0,70
resume.html,15,html,e71bb001,nayana1729,2026-04-03,12:27:11,-07:00,2026-04-03T12:27:11-07:00,0,85
resume.html,16,html,e71bb001,nayana1729,2026-04-03,12:27:11,-07:00,2026-04-03T12:27:11-07:00,0,264
resume.html,17,html,d3d07b65,nayana1729,2026-04-10,21:29:28,-07:00,2026-04-10T21:29:28-07:00,0,8
resume.html,18,html,e71bb001,nayana1729,2026-04-03,12:27:11,-07:00,2026-04-03T12:27:11-07:00,0,8
resume.html,19,html,e71bb001,nayana1729,2026-04-03,12:27:11,-07:00,2026-04-03T12:27:11-07:00,0,7
resume.html,20,html,e71bb001,nayana1729,2026-04-03,12:27:11,-07:00,2026-04-03T12:27:11-07:00,0,15
resume.html,21,html,e71bb001,nayana1729,2026-04-03,12:27:11,-07:00,2026-04-03T12:27:11-07:00,0,2
resume.html,22,html,e71bb001,nayana1729,2026-04-03,12:27:11,-07:00,2026-04-03T12:27:11-07:00,0,33
resume.html,23,html,e71bb001,nayana1729,2026-04-03,12:27:11,-07:00,2026-04-03T12:27:11-07:00,0,121
resume.html,24,html,e71bb001,nayana1729,2026-04-03,12:27:11,-07:00,2026-04-03T12:27:11-07:00,0,53
resume.html,25,html,e71bb001,nayana1729,2026-04-03,12:27:11,-07:00,2026-04-03T12:27:11-07:00,0,108
resume.html,26,html,e71bb001,nayana1729,2026-04-03,12:27:11,-07:00,2026-04-03T12:27:11-07:00,0,51
resume.html,27,html,e71bb001,nayana1729,2026-04-03,12:27:11,-07:00,2026-04-03T12:27:11-07:00,0,168
resume.html,28,html,e71bb001,nayana1729,2026-04-03,12:27:11,-07:00,2026-04-03T12:27:11-07:00,0,58
resume.html,29,html,e71bb001,nayana1729,2026-04-03,12:27:11,-07:00,2026-04-03T12:27:11-07:00,0,102
resume.html,30,html,e71bb001,nayana1729,2026-04-03,12:27:11,-07:00,2026-04-03T12:27:11-07:00,0,49
resume.html,31,html,e71bb001,nayana1729,2026-04-03,12:27:11,-07:00,2026-04-03T12:27:11-07:00,0,185
resume.html,32,html,e71bb001,nayana1729,2026-04-03,12:27:11,-07:00,2026-04-03T12:27:11-07:00,0,8
resume.html,33,html,e71bb001,nayana1729,2026-04-03,12:27:11,-07:00,2026-04-03T12:27:11-07:00,0,5
index.js,1,js,5f44ca1c,nayana1729,2026-04-25,21:00:01,-07:00,2026-04-25T21:00:01-07:00,0,71
index.js,2,js,5f44ca1c,nayana1729,2026-04-25,21:00:01,-07:00,2026-04-25T21:00:01-07:00,0,0
index.js,3,js,5f44ca1c,nayana1729,2026-04-25,21:00:01,-07:00,2026-04-25T21:00:01-07:00,0,54
index.js,4,js,5f44ca1c,nayana1729,2026-04-25,21:00:01,-07:00,2026-04-25T21:00:01-07:00,0,42
index.js,5,js,5f44ca1c,nayana1729,2026-04-25,21:00:01,-07:00,2026-04-25T21:00:01-07:00,0,0
index.js,6,js,5f44ca1c,nayana1729,2026-04-25,21:00:01,-07:00,2026-04-25T21:00:01-07:00,0,60
index.js,7,js,5f44ca1c,nayana1729,2026-04-25,21:00:01,-07:00,2026-04-25T21:00:01-07:00,0,54
index.js,8,js,5f44ca1c,nayana1729,2026-04-25,21:00:01,-07:00,2026-04-25T21:00:01-07:00,0,0
index.js,9,js,5f44ca1c,nayana1729,2026-04-25,21:00:01,-07:00,2026-04-25T21:00:01-07:00,0,53
index.js,10,js,5f44ca1c,nayana1729,2026-04-25,21:00:01,-07:00,2026-04-25T21:00:01-07:00,0,0
index.js,11,js,5f44ca1c,nayana1729,2026-04-25,21:00:01,-07:00,2026-04-25T21:00:01-07:00,0,60
index.js,12,js,5f44ca1c,nayana1729,2026-04-25,21:00:01,-07:00,2026-04-25T21:00:01-07:00,0,17
index.js,13,js,5f44ca1c,nayana1729,2026-04-25,21:00:01,-07:00,2026-04-25T21:00:01-07:00,1,24
index.js,14,js,5f44ca1c,nayana1729,2026-04-25,21:00:01,-07:00,2026-04-25T21:00:01-07:00,2,2
index.js,15,js,5f44ca1c,nayana1729,2026-04-25,21:00:01,-07:00,2026-04-25T21:00:01-07:00,3,55
index.js,16,js,5f44ca1c,nayana1729,2026-04-25,21:00:01,-07:00,2026-04-25T21:00:01-07:00,3,55
index.js,17,js,5f44ca1c,nayana1729,2026-04-25,21:00:01,-07:00,2026-04-25T21:00:01-07:00,3,49
index.js,18,js,5f44ca1c,nayana1729,2026-04-25,21:00:01,-07:00,2026-04-25T21:00:01-07:00,3,49
index.js,19,js,5f44ca1c,nayana1729,2026-04-25,21:00:01,-07:00,2026-04-25T21:00:01-07:00,2,3
index.js,20,js,5f44ca1c,nayana1729,2026-04-25,21:00:01,-07:00,2026-04-25T21:00:01-07:00,1,0
index.js,21,js,5f44ca1c,nayana1729,2026-04-25,21:00:01,-07:00,2026-04-25T21:00:01-07:00,0,0
index.html,1,html,39c8a80,nayana1729,2026-04-02,13:14:20,-07:00,2026-04-02T13:14:20-07:00,0,4
index.html,2,html,5f44ca1c,nayana1729,2026-04-25,21:00:01,-07:00,2026-04-25T21:00:01-07:00,1,56
index.html,3,html,5f44ca1c,nayana1729,2026-04-25,21:00:01,-07:00,2026-04-25T21:00:01-07:00,1,38
index.html,4,html,5f44ca1c,nayana1729,2026-04-25,21:00:01,-07:00,2026-04-25T21:00:01-07:00,1,45
index.html,5,html,5f44ca1c,nayana1729,2026-04-25,21:00:01,-07:00,2026-04-25T21:00:01-07:00,1,50
index.html,6,html,39c8a80,nayana1729,2026-04-02,13:14:20,-07:00,2026-04-02T13:14:20-07:00,0,5
index.html,7,html,39c8a80,nayana1729,2026-04-02,13:14:20,-07:00,2026-04-02T13:14:20-07:00,0,4
index.html,8,html,5f44ca1c,nayana1729,2026-04-25,21:00:01,-07:00,2026-04-25T21:00:01-07:00,1,9
index.html,9,html,5f44ca1c,nayana1729,2026-04-25,21:00:01,-07:00,2026-04-25T21:00:01-07:00,1,21
index.html,10,html,5f44ca1c,nayana1729,2026-04-25,21:00:01,-07:00,2026-04-25T21:00:01-07:00,1,1
index.html,11,html,5f44ca1c,nayana1729,2026-04-25,21:00:01,-07:00,2026-04-25T21:00:01-07:00,2,105
index.html,12,html,5f44ca1c,nayana1729,2026-04-25,21:00:01,-07:00,2026-04-25T21:00:01-07:00,1,2
index.html,13,html,5f44ca1c,nayana1729,2026-04-25,21:00:01,-07:00,2026-04-25T21:00:01-07:00,1,56
index.html,14,html,5f44ca1c,nayana1729,2026-04-25,21:00:01,-07:00,2026-04-25T21:00:01-07:00,0,0
index.html,15,html,5f44ca1c,nayana1729,2026-04-25,21:00:01,-07:00,2026-04-25T21:00:01-07:00,1,22
index.html,16,html,5f44ca1c,nayana1729,2026-04-25,21:00:01,-07:00,2026-04-25T21:00:01-07:00,1,26
index.html,17,html,5f44ca1c,nayana1729,2026-04-25,21:00:01,-07:00,2026-04-25T21:00:01-07:00,0,0
index.html,18,html,5f44ca1c,nayana1729,2026-04-25,21:00:01,-07:00,2026-04-25T21:00:01-07:00,1,19
index.html,19,html,5f44ca1c,nayana1729,2026-04-25,21:00:01,-07:00,2026-04-25T21:00:01-07:00,1,28
index.html,20,html,39c8a80,nayana1729,2026-04-02,13:14:20,-07:00,2026-04-02T13:14:20-07:00,0,5
global.js,1,js,2496751b,nayana1729,2026-04-18,19:06:08,-07:00,2026-04-18T19:06:08-07:00,0,25
global.js,2,js,2496751b,nayana1729,2026-04-18,19:06:08,-07:00,2026-04-18T19:06:08-07:00,0,0
global.js,3,js,2496751b,nayana1729,2026-04-18,19:06:08,-07:00,2026-04-18T19:06:08-07:00,0,41
global.js,4,js,2496751b,nayana1729,2026-04-18,19:06:08,-07:00,2026-04-18T19:06:08-07:00,1,52
global.js,5,js,2496751b,nayana1729,2026-04-18,19:06:08,-07:00,2026-04-18T19:06:08-07:00,0,0
global.js,6,js,2496751b,nayana1729,2026-04-18,19:06:08,-07:00,2026-04-18T19:06:08-07:00,0,0
global.js,7,js,2496751b,nayana1729,2026-04-18,19:06:08,-07:00,2026-04-18T19:06:08-07:00,0,11
global.js,8,js,7a815684,nayana1729,2026-04-18,19:13:11,-07:00,2026-04-18T19:13:11-07:00,1,25
global.js,9,js,2496751b,nayana1729,2026-04-18,19:06:08,-07:00,2026-04-18T19:06:08-07:00,1,38
global.js,10,js,7a815684,nayana1729,2026-04-18,19:13:11,-07:00,2026-04-18T19:13:11-07:00,1,36
global.js,11,js,7a815684,nayana1729,2026-04-18,19:13:11,-07:00,2026-04-18T19:13:11-07:00,1,38
global.js,12,js,00000000,Not Committed Yet,2026-05-08,20:50:15,-07:00,2026-05-08T20:50:15-07:00,1,30
global.js,13,js,2496751b,nayana1729,2026-04-18,19:06:08,-07:00,2026-04-18T19:06:08-07:00,1,56
global.js,14,js,2496751b,nayana1729,2026-04-18,19:06:08,-07:00,2026-04-18T19:06:08-07:00,0,0
global.js,15,js,2496751b,nayana1729,2026-04-18,19:06:08,-07:00,2026-04-18T19:06:08-07:00,0,0
global.js,16,js,2496751b,nayana1729,2026-04-18,19:06:08,-07:00,2026-04-18T19:06:08-07:00,0,38
global.js,17,js,2496751b,nayana1729,2026-04-18,19:06:08,-07:00,2026-04-18T19:06:08-07:00,0,25
global.js,18,js,2496751b,nayana1729,2026-04-18,19:06:08,-07:00,2026-04-18T19:06:08-07:00,0,0
global.js,19,js,2496751b,nayana1729,2026-04-18,19:06:08,-07:00,2026-04-18T19:06:08-07:00,0,88
global.js,20,js,2496751b,nayana1729,2026-04-18,19:06:08,-07:00,2026-04-18T19:06:08-07:00,1,36
global.js,21,js,bf914c6d,nayana1729,2026-04-18,19:14:46,-07:00,2026-04-18T19:14:46-07:00,1,48
global.js,22,js,2496751b,nayana1729,2026-04-18,19:06:08,-07:00,2026-04-18T19:06:08-07:00,0,0
global.js,23,js,2496751b,nayana1729,2026-04-18,19:06:08,-07:00,2026-04-18T19:06:08-07:00,0,20
global.js,24,js,2496751b,nayana1729,2026-04-18,19:06:08,-07:00,2026-04-18T19:06:08-07:00,1,14
global.js,25,js,2496751b,nayana1729,2026-04-18,19:06:08,-07:00,2026-04-18T19:06:08-07:00,1,18
global.js,26,js,2496751b,nayana1729,2026-04-18,19:06:08,-07:00,2026-04-18T19:06:08-07:00,1,52
global.js,27,js,2496751b,nayana1729,2026-04-18,19:06:08,-07:00,2026-04-18T19:06:08-07:00,1,34
global.js,28,js,2496751b,nayana1729,2026-04-18,19:06:08,-07:00,2026-04-18T19:06:08-07:00,1,11
global.js,29,js,2496751b,nayana1729,2026-04-18,19:06:08,-07:00,2026-04-18T19:06:08-07:00,1,20
global.js,30,js,2496751b,nayana1729,2026-04-18,19:06:08,-07:00,2026-04-18T19:06:08-07:00,1,12
global.js,31,js,2496751b,nayana1729,2026-04-18,19:06:08,-07:00,2026-04-18T19:06:08-07:00,0,0
global.js,32,js,2496751b,nayana1729,2026-04-18,19:06:08,-07:00,2026-04-18T19:06:08-07:00,1,65
global.js,33,js,2496751b,nayana1729,2026-04-18,19:06:08,-07:00,2026-04-18T19:06:08-07:00,2,25
global.js,34,js,2496751b,nayana1729,2026-04-18,19:06:08,-07:00,2026-04-18T19:06:08-07:00,1,0
global.js,35,js,2496751b,nayana1729,2026-04-18,19:06:08,-07:00,2026-04-18T19:06:08-07:00,0,0
global.js,36,js,2496751b,nayana1729,2026-04-18,19:06:08,-07:00,2026-04-18T19:06:08-07:00,1,29
global.js,37,js,2496751b,nayana1729,2026-04-18,19:06:08,-07:00,2026-04-18T19:06:08-07:00,2,18
global.js,38,js,2496751b,nayana1729,2026-04-18,19:06:08,-07:00,2026-04-18T19:06:08-07:00,1,0
global.js,39,js,2496751b,nayana1729,2026-04-18,19:06:08,-07:00,2026-04-18T19:06:08-07:00,0,0
global.js,40,js,2496751b,nayana1729,2026-04-18,19:06:08,-07:00,2026-04-18T19:06:08-07:00,0,0
global.js,41,js,2496751b,nayana1729,2026-04-18,19:06:08,-07:00,2026-04-18T19:06:08-07:00,0,31
global.js,42,js,2496751b,nayana1729,2026-04-18,19:06:08,-07:00,2026-04-18T19:06:08-07:00,1,11
global.js,43,js,2496751b,nayana1729,2026-04-18,19:06:08,-07:00,2026-04-18T19:06:08-07:00,1,0
global.js,44,js,2496751b,nayana1729,2026-04-18,19:06:08,-07:00,2026-04-18T19:06:08-07:00,1,26
global.js,45,js,2496751b,nayana1729,2026-04-18,19:06:08,-07:00,2026-04-18T19:06:08-07:00,2,4
global.js,46,js,2496751b,nayana1729,2026-04-18,19:06:08,-07:00,2026-04-18T19:06:08-07:00,2,6
global.js,47,js,2496751b,nayana1729,2026-04-18,19:06:08,-07:00,2026-04-18T19:06:08-07:00,3,43
global.js,48,js,2496751b,nayana1729,2026-04-18,19:06:08,-07:00,2026-04-18T19:06:08-07:00,3,34
global.js,49,js,2496751b,nayana1729,2026-04-18,19:06:08,-07:00,2026-04-18T19:06:08-07:00,3,32
global.js,50,js,2496751b,nayana1729,2026-04-18,19:06:08,-07:00,2026-04-18T19:06:08-07:00,2,7
global.js,51,js,2496751b,nayana1729,2026-04-18,19:06:08,-07:00,2026-04-18T19:06:08-07:00,1,8
global.js,52,js,2496751b,nayana1729,2026-04-18,19:06:08,-07:00,2026-04-18T19:06:08-07:00,0,0
global.js,53,js,2496751b,nayana1729,2026-04-18,19:06:08,-07:00,2026-04-18T19:06:08-07:00,0,0
global.js,54,js,2496751b,nayana1729,2026-04-18,19:06:08,-07:00,2026-04-18T19:06:08-07:00,0,58
global.js,55,js,2496751b,nayana1729,2026-04-18,19:06:08,-07:00,2026-04-18T19:06:08-07:00,0,0
global.js,56,js,2496751b,nayana1729,2026-04-18,19:06:08,-07:00,2026-04-18T19:06:08-07:00,0,36
global.js,57,js,2496751b,nayana1729,2026-04-18,19:06:08,-07:00,2026-04-18T19:06:08-07:00,1,70
global.js,58,js,2496751b,nayana1729,2026-04-18,19:06:08,-07:00,2026-04-18T19:06:08-07:00,1,25
global.js,59,js,2496751b,nayana1729,2026-04-18,19:06:08,-07:00,2026-04-18T19:06:08-07:00,0,0
global.js,60,js,2496751b,nayana1729,2026-04-18,19:06:08,-07:00,2026-04-18T19:06:08-07:00,0,0
global.js,61,js,2496751b,nayana1729,2026-04-18,19:06:08,-07:00,2026-04-18T19:06:08-07:00,0,34
global.js,62,js,2496751b,nayana1729,2026-04-18,19:06:08,-07:00,2026-04-18T19:06:08-07:00,1,39
global.js,63,js,2496751b,nayana1729,2026-04-18,19:06:08,-07:00,2026-04-18T19:06:08-07:00,0,0
global.js,64,js,2496751b,nayana1729,2026-04-18,19:06:08,-07:00,2026-04-18T19:06:08-07:00,0,0
global.js,65,js,2496751b,nayana1729,2026-04-18,19:06:08,-07:00,2026-04-18T19:06:08-07:00,0,49
global.js,66,js,2496751b,nayana1729,2026-04-18,19:06:08,-07:00,2026-04-18T19:06:08-07:00,1,44
global.js,67,js,2496751b,nayana1729,2026-04-18,19:06:08,-07:00,2026-04-18T19:06:08-07:00,1,33
global.js,68,js,5f44ca1c,nayana1729,2026-04-25,21:00:01,-07:00,2026-04-25T21:00:01-07:00,0,1
global.js,69,js,5f44ca1c,nayana1729,2026-04-25,21:00:01,-07:00,2026-04-25T21:00:01-07:00,0,0
global.js,70,js,5f44ca1c,nayana1729,2026-04-25,21:00:01,-07:00,2026-04-25T21:00:01-07:00,0,36
global.js,71,js,5f44ca1c,nayana1729,2026-04-25,21:00:01,-07:00,2026-04-25T21:00:01-07:00,1,3
global.js,72,js,5f44ca1c,nayana1729,2026-04-25,21:00:01,-07:00,2026-04-25T21:00:01-07:00,2,32
global.js,73,js,5f44ca1c,nayana1729,2026-04-25,21:00:01,-07:00,2026-04-25T21:00:01-07:00,2,17
global.js,74,js,5f44ca1c,nayana1729,2026-04-25,21:00:01,-07:00,2026-04-25T21:00:01-07:00,3,57
global.js,75,js,5f44ca1c,nayana1729,2026-04-25,21:00:01,-07:00,2026-04-25T21:00:01-07:00,2,0
global.js,76,js,5f44ca1c,nayana1729,2026-04-25,21:00:01,-07:00,2026-04-25T21:00:01-07:00,2,33
global.js,77,js,5f44ca1c,nayana1729,2026-04-25,21:00:01,-07:00,2026-04-25T21:00:01-07:00,2,10
global.js,78,js,5f44ca1c,nayana1729,2026-04-25,21:00:01,-07:00,2026-04-25T21:00:01-07:00,1,15
global.js,79,js,5f44ca1c,nayana1729,2026-04-25,21:00:01,-07:00,2026-04-25T21:00:01-07:00,2,59
global.js,80,js,5f44ca1c,nayana1729,2026-04-25,21:00:01,-07:00,2026-04-25T21:00:01-07:00,1,0
global.js,81,js,5f44ca1c,nayana1729,2026-04-25,21:00:01,-07:00,2026-04-25T21:00:01-07:00,0,0
global.js,82,js,5f44ca1c,nayana1729,2026-04-25,21:00:01,-07:00,2026-04-25T21:00:01-07:00,0,0
global.js,83,js,5f44ca1c,nayana1729,2026-04-25,21:00:01,-07:00,2026-04-25T21:00:01-07:00,0,79
global.js,84,js,5f44ca1c,nayana1729,2026-04-25,21:00:01,-07:00,2026-04-25T21:00:01-07:00,1,30
global.js,85,js,5f44ca1c,nayana1729,2026-04-25,21:00:01,-07:00,2026-04-25T21:00:01-07:00,1,31
global.js,86,js,5f44ca1c,nayana1729,2026-04-25,21:00:01,-07:00,2026-04-25T21:00:01-07:00,2,48
global.js,87,js,5f44ca1c,nayana1729,2026-04-25,21:00:01,-07:00,2026-04-25T21:00:01-07:00,2,19
global.js,88,js,5f44ca1c,nayana1729,2026-04-25,21:00:01,-07:00,2026-04-25T21:00:01-07:00,3,49
global.js,89,js,5f44ca1c,nayana1729,2026-04-25,21:00:01,-07:00,2026-04-25T21:00:01-07:00,3,49
global.js,90,js,5f44ca1c,nayana1729,2026-04-25,21:00:01,-07:00,2026-04-25T21:00:01-07:00,3,27
global.js,91,js,5f44ca1c,nayana1729,2026-04-25,21:00:01,-07:00,2026-04-25T21:00:01-07:00,2,0
global.js,92,js,5f44ca1c,nayana1729,2026-04-25,21:00:01,-07:00,2026-04-25T21:00:01-07:00,2,36
global.js,93,js,5f44ca1c,nayana1729,2026-04-25,21:00:01,-07:00,2026-04-25T21:00:01-07:00,1,0
global.js,94,js,5f44ca1c,nayana1729,2026-04-25,21:00:01,-07:00,2026-04-25T21:00:01-07:00,0,0
global.js,95,js,5f44ca1c,nayana1729,2026-04-25,21:00:01,-07:00,2026-04-25T21:00:01-07:00,0,0
global.js,96,js,5f44ca1c,nayana1729,2026-04-25,21:00:01,-07:00,2026-04-25T21:00:01-07:00,0,47
global.js,97,js,5f44ca1c,nayana1729,2026-04-25,21:00:01,-07:00,2026-04-25T21:00:01-07:00,1,59
global.js,98,js,5f44ca1c,nayana1729,2026-04-25,21:00:01,-07:00,2026-04-25T21:00:01-07:00,0,0
projects/projects.js,1,js,5f44ca1c,nayana1729,2026-04-25,21:00:01,-07:00,2026-04-25T21:00:01-07:00,0,55
projects/projects.js,2,js,49694c04,nayana1729,2026-05-02,23:24:57,-07:00,2026-05-02T23:24:57-07:00,0,63
projects/projects.js,3,js,5f44ca1c,nayana1729,2026-04-25,21:00:01,-07:00,2026-04-25T21:00:01-07:00,0,0
projects/projects.js,4,js,5f44ca1c,nayana1729,2026-04-25,21:00:01,-07:00,2026-04-25T21:00:01-07:00,0,55
projects/projects.js,5,js,5f44ca1c,nayana1729,2026-04-25,21:00:01,-07:00,2026-04-25T21:00:01-07:00,0,60
projects/projects.js,6,js,5f44ca1c,nayana1729,2026-04-25,21:00:01,-07:00,2026-04-25T21:00:01-07:00,0,48
projects/projects.js,7,js,5f44ca1c,nayana1729,2026-04-25,21:00:01,-07:00,2026-04-25T21:00:01-07:00,0,0
projects/projects.js,8,js,5f44ca1c,nayana1729,2026-04-25,21:00:01,-07:00,2026-04-25T21:00:01-07:00,0,62
projects/projects.js,9,js,5f44ca1c,nayana1729,2026-04-25,21:00:01,-07:00,2026-04-25T21:00:01-07:00,0,18
projects/projects.js,10,js,5f44ca1c,nayana1729,2026-04-25,21:00:01,-07:00,2026-04-25T21:00:01-07:00,1,58
projects/projects.js,11,js,49694c04,nayana1729,2026-05-02,23:24:57,-07:00,2026-05-02T23:24:57-07:00,0,0
projects/projects.js,12,js,49694c04,nayana1729,2026-05-02,23:24:57,-07:00,2026-05-02T23:24:57-07:00,0,0
projects/projects.js,13,js,49694c04,nayana1729,2026-05-02,23:24:57,-07:00,2026-05-02T23:24:57-07:00,0,57
projects/projects.js,14,js,49694c04,nayana1729,2026-05-02,23:24:57,-07:00,2026-05-02T23:24:57-07:00,0,47
projects/projects.js,15,js,49694c04,nayana1729,2026-05-02,23:24:57,-07:00,2026-05-02T23:24:57-07:00,0,13
projects/projects.js,16,js,49694c04,nayana1729,2026-05-02,23:24:57,-07:00,2026-05-02T23:24:57-07:00,0,21
projects/projects.js,17,js,49694c04,nayana1729,2026-05-02,23:24:57,-07:00,2026-05-02T23:24:57-07:00,0,53
projects/projects.js,18,js,49694c04,nayana1729,2026-05-02,23:24:57,-07:00,2026-05-02T23:24:57-07:00,0,0
projects/projects.js,19,js,49694c04,nayana1729,2026-05-02,23:24:57,-07:00,2026-05-02T23:24:57-07:00,0,38
projects/projects.js,20,js,49694c04,nayana1729,2026-05-02,23:24:57,-07:00,2026-05-02T23:24:57-07:00,1,26
projects/projects.js,21,js,49694c04,nayana1729,2026-05-02,23:24:57,-07:00,2026-05-02T23:24:57-07:00,2,12
projects/projects.js,22,js,49694c04,nayana1729,2026-05-02,23:24:57,-07:00,2026-05-02T23:24:57-07:00,2,14
projects/projects.js,23,js,49694c04,nayana1729,2026-05-02,23:24:57,-07:00,2026-05-02T23:24:57-07:00,2,12
projects/projects.js,24,js,49694c04,nayana1729,2026-05-02,23:24:57,-07:00,2026-05-02T23:24:57-07:00,1,0
projects/projects.js,25,js,49694c04,nayana1729,2026-05-02,23:24:57,-07:00,2026-05-02T23:24:57-07:00,0,0
projects/projects.js,26,js,49694c04,nayana1729,2026-05-02,23:24:57,-07:00,2026-05-02T23:24:57-07:00,1,44
projects/projects.js,27,js,49694c04,nayana1729,2026-05-02,23:24:57,-07:00,2026-05-02T23:24:57-07:00,2,35
projects/projects.js,28,js,49694c04,nayana1729,2026-05-02,23:24:57,-07:00,2026-05-02T23:24:57-07:00,1,1
projects/projects.js,29,js,49694c04,nayana1729,2026-05-02,23:24:57,-07:00,2026-05-02T23:24:57-07:00,0,0
projects/projects.js,30,js,49694c04,nayana1729,2026-05-02,23:24:57,-07:00,2026-05-02T23:24:57-07:00,1,50
projects/projects.js,31,js,49694c04,nayana1729,2026-05-02,23:24:57,-07:00,2026-05-02T23:24:57-07:00,1,33
projects/projects.js,32,js,49694c04,nayana1729,2026-05-02,23:24:57,-07:00,2026-05-02T23:24:57-07:00,1,45
projects/projects.js,33,js,49694c04,nayana1729,2026-05-02,23:24:57,-07:00,2026-05-02T23:24:57-07:00,0,0
projects/projects.js,34,js,49694c04,nayana1729,2026-05-02,23:24:57,-07:00,2026-05-02T23:24:57-07:00,1,40
projects/projects.js,35,js,49694c04,nayana1729,2026-05-02,23:24:57,-07:00,2026-05-02T23:24:57-07:00,1,29
projects/projects.js,36,js,49694c04,nayana1729,2026-05-02,23:24:57,-07:00,2026-05-02T23:24:57-07:00,1,44
projects/projects.js,37,js,49694c04,nayana1729,2026-05-02,23:24:57,-07:00,2026-05-02T23:24:57-07:00,0,0
projects/projects.js,38,js,49694c04,nayana1729,2026-05-02,23:24:57,-07:00,2026-05-02T23:24:57-07:00,1,24
projects/projects.js,39,js,49694c04,nayana1729,2026-05-02,23:24:57,-07:00,2026-05-02T23:24:57-07:00,2,16
projects/projects.js,40,js,49694c04,nayana1729,2026-05-02,23:24:57,-07:00,2026-05-02T23:24:57-07:00,3,13
projects/projects.js,41,js,49694c04,nayana1729,2026-05-02,23:24:57,-07:00,2026-05-02T23:24:57-07:00,3,22
projects/projects.js,42,js,49694c04,nayana1729,2026-05-02,23:24:57,-07:00,2026-05-02T23:24:57-07:00,3,51
projects/projects.js,43,js,49694c04,nayana1729,2026-05-02,23:24:57,-07:00,2026-05-02T23:24:57-07:00,3,18
projects/projects.js,44,js,49694c04,nayana1729,2026-05-02,23:24:57,-07:00,2026-05-02T23:24:57-07:00,4,43
projects/projects.js,45,js,49694c04,nayana1729,2026-05-02,23:24:57,-07:00,2026-05-02T23:24:57-07:00,4,19
projects/projects.js,46,js,49694c04,nayana1729,2026-05-02,23:24:57,-07:00,2026-05-02T23:24:57-07:00,6,66
projects/projects.js,47,js,49694c04,nayana1729,2026-05-02,23:24:57,-07:00,2026-05-02T23:24:57-07:00,4,18
projects/projects.js,48,js,49694c04,nayana1729,2026-05-02,23:24:57,-07:00,2026-05-02T23:24:57-07:00,5,14
projects/projects.js,49,js,49694c04,nayana1729,2026-05-02,23:24:57,-07:00,2026-05-02T23:24:57-07:00,5,24
projects/projects.js,50,js,49694c04,nayana1729,2026-05-02,23:24:57,-07:00,2026-05-02T23:24:57-07:00,6,60
projects/projects.js,51,js,49694c04,nayana1729,2026-05-02,23:24:57,-07:00,2026-05-02T23:24:57-07:00,5,0
projects/projects.js,52,js,49694c04,nayana1729,2026-05-02,23:24:57,-07:00,2026-05-02T23:24:57-07:00,0,0
projects/projects.js,53,js,49694c04,nayana1729,2026-05-02,23:24:57,-07:00,2026-05-02T23:24:57-07:00,4,51
projects/projects.js,54,js,49694c04,nayana1729,2026-05-02,23:24:57,-07:00,2026-05-02T23:24:57-07:00,5,59
projects/projects.js,55,js,49694c04,nayana1729,2026-05-02,23:24:57,-07:00,2026-05-02T23:24:57-07:00,5,42
projects/projects.js,56,js,49694c04,nayana1729,2026-05-02,23:24:57,-07:00,2026-05-02T23:24:57-07:00,4,1
projects/projects.js,57,js,49694c04,nayana1729,2026-05-02,23:24:57,-07:00,2026-05-02T23:24:57-07:00,0,0
projects/projects.js,58,js,49694c04,nayana1729,2026-05-02,23:24:57,-07:00,2026-05-02T23:24:57-07:00,4,25
projects/projects.js,59,js,49694c04,nayana1729,2026-05-02,23:24:57,-07:00,2026-05-02T23:24:57-07:00,5,56
projects/projects.js,60,js,49694c04,nayana1729,2026-05-02,23:24:57,-07:00,2026-05-02T23:24:57-07:00,4,6
projects/projects.js,61,js,49694c04,nayana1729,2026-05-02,23:24:57,-07:00,2026-05-02T23:24:57-07:00,5,43
projects/projects.js,62,js,49694c04,nayana1729,2026-05-02,23:24:57,-07:00,2026-05-02T23:24:57-07:00,5,45
projects/projects.js,63,js,49694c04,nayana1729,2026-05-02,23:24:57,-07:00,2026-05-02T23:24:57-07:00,6,40
projects/projects.js,64,js,49694c04,nayana1729,2026-05-02,23:24:57,-07:00,2026-05-02T23:24:57-07:00,5,0
projects/projects.js,65,js,49694c04,nayana1729,2026-05-02,23:24:57,-07:00,2026-05-02T23:24:57-07:00,5,56
projects/projects.js,66,js,49694c04,nayana1729,2026-05-02,23:24:57,-07:00,2026-05-02T23:24:57-07:00,4,0
projects/projects.js,67,js,49694c04,nayana1729,2026-05-02,23:24:57,-07:00,2026-05-02T23:24:57-07:00,3,1
projects/projects.js,68,js,49694c04,nayana1729,2026-05-02,23:24:57,-07:00,2026-05-02T23:24:57-07:00,1,1
projects/projects.js,69,js,49694c04,nayana1729,2026-05-02,23:24:57,-07:00,2026-05-02T23:24:57-07:00,0,0
projects/projects.js,70,js,49694c04,nayana1729,2026-05-02,23:24:57,-07:00,2026-05-02T23:24:57-07:00,1,32
projects/projects.js,71,js,49694c04,nayana1729,2026-05-02,23:24:57,-07:00,2026-05-02T23:24:57-07:00,1,24
projects/projects.js,72,js,49694c04,nayana1729,2026-05-02,23:24:57,-07:00,2026-05-02T23:24:57-07:00,2,4
projects/projects.js,73,js,49694c04,nayana1729,2026-05-02,23:24:57,-07:00,2026-05-02T23:24:57-07:00,3,11
projects/projects.js,74,js,49694c04,nayana1729,2026-05-02,23:24:57,-07:00,2026-05-02T23:24:57-07:00,3,38
projects/projects.js,75,js,49694c04,nayana1729,2026-05-02,23:24:57,-07:00,2026-05-02T23:24:57-07:00,3,76
projects/projects.js,76,js,49694c04,nayana1729,2026-05-02,23:24:57,-07:00,2026-05-02T23:24:57-07:00,3,69
projects/projects.js,77,js,49694c04,nayana1729,2026-05-02,23:24:57,-07:00,2026-05-02T23:24:57-07:00,1,1
projects/projects.js,78,js,49694c04,nayana1729,2026-05-02,23:24:57,-07:00,2026-05-02T23:24:57-07:00,0,0
projects/projects.js,79,js,49694c04,nayana1729,2026-05-02,23:24:57,-07:00,2026-05-02T23:24:57-07:00,0,0
projects/projects.js,80,js,49694c04,nayana1729,2026-05-02,23:24:57,-07:00,2026-05-02T23:24:57-07:00,0,23
projects/projects.js,81,js,49694c04,nayana1729,2026-05-02,23:24:57,-07:00,2026-05-02T23:24:57-07:00,0,0
projects/projects.js,82,js,49694c04,nayana1729,2026-05-02,23:24:57,-07:00,2026-05-02T23:24:57-07:00,0,48
projects/projects.js,83,js,49694c04,nayana1729,2026-05-02,23:24:57,-07:00,2026-05-02T23:24:57-07:00,1,25
projects/projects.js,84,js,49694c04,nayana1729,2026-05-02,23:24:57,-07:00,2026-05-02T23:24:57-07:00,0,0
projects/projects.js,85,js,49694c04,nayana1729,2026-05-02,23:24:57,-07:00,2026-05-02T23:24:57-07:00,1,51
projects/projects.js,86,js,49694c04,nayana1729,2026-05-02,23:24:57,-07:00,2026-05-02T23:24:57-07:00,2,59
projects/projects.js,87,js,49694c04,nayana1729,2026-05-02,23:24:57,-07:00,2026-05-02T23:24:57-07:00,2,42
projects/projects.js,88,js,49694c04,nayana1729,2026-05-02,23:24:57,-07:00,2026-05-02T23:24:57-07:00,1,1
projects/projects.js,89,js,49694c04,nayana1729,2026-05-02,23:24:57,-07:00,2026-05-02T23:24:57-07:00,0,0
projects/projects.js,90,js,49694c04,nayana1729,2026-05-02,23:24:57,-07:00,2026-05-02T23:24:57-07:00,1,31
projects/projects.js,91,js,49694c04,nayana1729,2026-05-02,23:24:57,-07:00,2026-05-02T23:24:57-07:00,0,0
projects/projects.js,92,js,49694c04,nayana1729,2026-05-02,23:24:57,-07:00,2026-05-02T23:24:57-07:00,1,25
projects/projects.js,93,js,49694c04,nayana1729,2026-05-02,23:24:57,-07:00,2026-05-02T23:24:57-07:00,2,17
projects/projects.js,94,js,49694c04,nayana1729,2026-05-02,23:24:57,-07:00,2026-05-02T23:24:57-07:00,1,0
projects/projects.js,95,js,49694c04,nayana1729,2026-05-02,23:24:57,-07:00,2026-05-02T23:24:57-07:00,0,0
projects/projects.js,96,js,49694c04,nayana1729,2026-05-02,23:24:57,-07:00,2026-05-02T23:24:57-07:00,1,56
projects/projects.js,97,js,49694c04,nayana1729,2026-05-02,23:24:57,-07:00,2026-05-02T23:24:57-07:00,0,1
projects/index.html,1,html,e71bb001,nayana1729,2026-04-03,12:27:11,-07:00,2026-04-03T12:27:11-07:00,0,4
projects/index.html,2,html,5f44ca1c,nayana1729,2026-04-25,21:00:01,-07:00,2026-04-25T21:00:01-07:00,1,37
projects/index.html,3,html,5f44ca1c,nayana1729,2026-04-25,21:00:01,-07:00,2026-04-25T21:00:01-07:00,1,41
projects/index.html,4,html,5f44ca1c,nayana1729,2026-04-25,21:00:01,-07:00,2026-04-25T21:00:01-07:00,1,48
projects/index.html,5,html,5f44ca1c,nayana1729,2026-04-25,21:00:01,-07:00,2026-04-25T21:00:01-07:00,1,47
projects/index.html,6,html,e71bb001,nayana1729,2026-04-03,12:27:11,-07:00,2026-04-03T12:27:11-07:00,0,5
projects/index.html,7,html,e71bb001,nayana1729,2026-04-03,12:27:11,-07:00,2026-04-03T12:27:11-07:00,0,4
projects/index.html,8,html,5f44ca1c,nayana1729,2026-04-25,21:00:01,-07:00,2026-04-25T21:00:01-07:00,1,9
projects/index.html,9,html,5f44ca1c,nayana1729,2026-04-25,21:00:01,-07:00,2026-04-25T21:00:01-07:00,1,44
projects/index.html,10,html,49694c04,nayana1729,2026-05-02,23:24:57,-07:00,2026-05-02T23:24:57-07:00,0,21
projects/index.html,11,html,49694c04,nayana1729,2026-05-02,23:24:57,-07:00,2026-05-02T23:24:57-07:00,1,58
projects/index.html,12,html,49694c04,nayana1729,2026-05-02,23:24:57,-07:00,2026-05-02T23:24:57-07:00,1,22
projects/index.html,13,html,49694c04,nayana1729,2026-05-02,23:24:57,-07:00,2026-05-02T23:24:57-07:00,0,4
projects/index.html,14,html,49694c04,nayana1729,2026-05-02,23:24:57,-07:00,2026-05-02T23:24:57-07:00,0,4
projects/index.html,15,html,49694c04,nayana1729,2026-05-02,23:24:57,-07:00,2026-05-02T23:24:57-07:00,1,15
projects/index.html,16,html,49694c04,nayana1729,2026-05-02,23:24:57,-07:00,2026-05-02T23:24:57-07:00,1,11
projects/index.html,17,html,49694c04,nayana1729,2026-05-02,23:24:57,-07:00,2026-05-02T23:24:57-07:00,1,26
projects/index.html,18,html,49694c04,nayana1729,2026-05-02,23:24:57,-07:00,2026-05-02T23:24:57-07:00,1,33
projects/index.html,19,html,49694c04,nayana1729,2026-05-02,23:24:57,-07:00,2026-05-02T23:24:57-07:00,0,0
projects/index.html,20,html,5f44ca1c,nayana1729,2026-04-25,21:00:01,-07:00,2026-04-25T21:00:01-07:00,1,26
projects/index.html,21,html,e71bb001,nayana1729,2026-04-03,12:27:11,-07:00,2026-04-03T12:27:11-07:00,0,5
contact/index.html,1,html,e71bb001,nayana1729,2026-04-03,12:27:11,-07:00,2026-04-03T12:27:11-07:00,0,4
contact/index.html,2,html,e71bb001,nayana1729,2026-04-03,12:27:11,-07:00,2026-04-03T12:27:11-07:00,0,36
contact/index.html,3,html,d3d07b65,nayana1729,2026-04-10,21:29:28,-07:00,2026-04-10T21:29:28-07:00,0,41
contact/index.html,4,html,2496751b,nayana1729,2026-04-18,19:06:08,-07:00,2026-04-18T19:06:08-07:00,0,48
contact/index.html,5,html,e71bb001,nayana1729,2026-04-03,12:27:11,-07:00,2026-04-03T12:27:11-07:00,0,5
contact/index.html,6,html,e71bb001,nayana1729,2026-04-03,12:27:11,-07:00,2026-04-03T12:27:11-07:00,0,4
contact/index.html,7,html,2496751b,nayana1729,2026-04-18,19:06:08,-07:00,2026-04-18T19:06:08-07:00,0,9
contact/index.html,8,html,e71bb001,nayana1729,2026-04-03,12:27:11,-07:00,2026-04-03T12:27:11-07:00,0,21
contact/index.html,9,html,ed3cfbc2,nayana1729,2026-04-18,19:23:05,-07:00,2026-04-18T19:23:05-07:00,0,83
contact/index.html,10,html,d3d07b65,nayana1729,2026-04-10,21:29:28,-07:00,2026-04-10T21:29:28-07:00,0,5
contact/index.html,11,html,d3d07b65,nayana1729,2026-04-10,21:29:28,-07:00,2026-04-10T21:29:28-07:00,0,3
contact/index.html,12,html,ed3cfbc2,nayana1729,2026-04-18,19:23:05,-07:00,2026-04-18T19:23:05-07:00,0,67
contact/index.html,13,html,d3d07b65,nayana1729,2026-04-10,21:29:28,-07:00,2026-04-10T21:29:28-07:00,0,6
contact/index.html,14,html,d3d07b65,nayana1729,2026-04-10,21:29:28,-07:00,2026-04-10T21:29:28-07:00,0,5
contact/index.html,15,html,d3d07b65,nayana1729,2026-04-10,21:29:28,-07:00,2026-04-10T21:29:28-07:00,0,5
contact/index.html,16,html,d3d07b65,nayana1729,2026-04-10,21:29:28,-07:00,2026-04-10T21:29:28-07:00,0,34
contact/index.html,17,html,d3d07b65,nayana1729,2026-04-10,21:29:28,-07:00,2026-04-10T21:29:28-07:00,0,6
contact/index.html,18,html,d3d07b65,nayana1729,2026-04-10,21:29:28,-07:00,2026-04-10T21:29:28-07:00,0,5
contact/index.html,19,html,d3d07b65,nayana1729,2026-04-10,21:29:28,-07:00,2026-04-10T21:29:28-07:00,0,2
contact/index.html,20,html,d3d07b65,nayana1729,2026-04-10,21:29:28,-07:00,2026-04-10T21:29:28-07:00,0,38
contact/index.html,21,html,d3d07b65,nayana1729,2026-04-10,21:29:28,-07:00,2026-04-10T21:29:28-07:00,0,9
contact/index.html,22,html,d3d07b65,nayana1729,2026-04-10,21:29:28,-07:00,2026-04-10T21:29:28-07:00,0,6
contact/index.html,23,html,d3d07b65,nayana1729,2026-04-10,21:29:28,-07:00,2026-04-10T21:29:28-07:00,0,21
contact/index.html,24,html,d3d07b65,nayana1729,2026-04-10,21:29:28,-07:00,2026-04-10T21:29:28-07:00,0,5
contact/index.html,25,html,e71bb001,nayana1729,2026-04-03,12:27:11,-07:00,2026-04-03T12:27:11-07:00,0,5
